pricing_id,route_id,fuel_surcharge_usd,port_charge_usd,demand_factor,risk_surcharge_usd,target_margin_percent
P001,R001,100,75,1.0,50,15
P002,R002,110,80,0.95,60,15
P003,R003,105,70,1.05,55,15
P004,R004,100,80,1.0,50,15
P005,R005,95,70,1.0,45,15
P006,R006,105,75,0.95,55,15
P007,R007,90,65,1.05,45,15
P008,R008,100,70,0.95,50,15
P009,R009,85,60,1.1,40,15
P010,R010,90,65,1.05,45,15
P011,R011,44,80,1.05,65,15
P012,R012,36,60,1.1,40,15
P013,R013,72,70,0.95,50,15
P014,R014,82,80,1.0,65,15
P015,R015,54,60,1.05,40,15
P016,R016,69,70,1.1,50,15
P017,R017,75,80,0.95,65,15
P018,R018,52,60,1.0,40,15
P019,R019,58,70,1.05,50,15
P020,R020,44,80,1.1,65,15
P021,R021,38,60,0.95,40,15
P022,R022,42,70,1.0,50,15
P023,R023,84,80,1.05,65,15
P024,R024,72,60,1.1,40,15
P025,R025,64,70,0.95,50,15
P026,R026,88,80,1.0,65,15
P027,R027,52,60,1.05,40,15
P028,R028,79,70,1.1,50,15
P029,R029,83,80,0.95,65,15
P030,R030,71,60,1.0,40,15
P031,R031,40,70,1.05,50,15
P032,R032,44,80,1.1,65,15
P033,R033,64,60,0.95,40,15
P034,R034,69,70,1.0,50,15
P035,R035,87,80,1.05,65,15
P036,R036,56,60,1.1,40,15
P037,R037,55,70,0.95,50,15
P038,R038,69,80,1.0,65,15
P039,R039,52,60,1.05,40,15
P040,R040,77,70,1.1,50,15
P041,R041,74,80,0.95,65,15
P042,R042,41,60,1.0,40,15
P043,R043,78,70,1.05,50,15
P044,R044,50,80,1.1,65,15
P045,R045,70,60,0.95,40,15
P046,R046,42,70,1.0,50,15
P047,R047,60,80,1.05,65,15
P048,R048,62,60,1.1,40,15
P049,R049,59,70,0.95,50,15
P050,R050,70,80,1.0,65,15
P051,R051,72,60,1.05,40,15
P052,R052,77,70,1.1,50,15
P053,R053,85,80,0.95,65,15
P054,R054,74,60,1.0,40,15
P055,R055,73,70,1.05,50,15
P056,R056,84,80,1.1,65,15
P057,R057,70,60,0.95,40,15
P058,R058,66,70,1.0,50,15
P059,R059,84,80,1.05,65,15
P060,R060,38,60,1.1,40,15
P061,R061,38,70,0.95,50,15
P062,R062,85,80,1.0,65,15
P063,R063,65,60,1.05,40,15
P064,R064,62,70,1.1,50,15
P065,R065,70,80,0.95,65,15
P066,R066,63,60,1.0,40,15
P067,R067,53,70,1.05,50,15
P068,R068,65,80,1.1,65,15
P069,R069,35,60,0.95,40,15
P070,R070,74,70,1.0,50,15
P071,R071,76,80,1.05,65,15
P072,R072,60,60,1.1,40,15
P073,R073,79,70,0.95,50,15
P074,R074,56,80,1.0,65,15
P075,R075,68,60,1.05,40,15
P076,R076,71,70,1.1,50,15
P077,R077,76,80,0.95,65,15
P078,R078,62,60,1.0,40,15
P079,R079,67,70,1.05,50,15
P080,R080,80,80,1.1,65,15
P081,R081,58,60,0.95,40,15
P082,R082,54,70,1.0,50,15
P083,R083,66,80,1.05,65,15
P084,R084,52,60,1.1,40,15
P085,R085,70,70,0.95,50,15
P086,R086,70,80,1.0,65,15
P087,R087,40,60,1.05,40,15
P088,R088,74,70,1.1,50,15
P089,R089,49,80,0.95,65,15
P090,R090,64,60,1.0,40,15
P091,R091,55,70,1.05,50,15
P092,R092,78,80,1.1,65,15
P093,R093,56,60,0.95,40,15
P094,R094,63,70,1.0,50,15
P095,R095,74,80,1.05,65,15
P096,R096,66,60,1.1,40,15
P097,R097,76,70,0.95,50,15
P098,R098,80,80,1.0,65,15
P099,R099,62,60,1.05,40,15
P100,R100,72,70,1.1,50,15
P101,R101,42,80,0.95,65,15
P102,R102,76,60,1.0,40,15
P103,R103,62,70,1.05,50,15
P104,R104,76,80,1.1,65,15
P105,R105,36,60,0.95,40,15
P106,R106,38,70,1.0,50,15
P107,R107,81,80,1.05,65,15
P108,R108,68,60,1.1,40,15
P109,R109,58,70,0.95,50,15
P110,R110,70,80,1.0,65,15
P111,R111,64,60,1.05,40,15
P112,R112,53,70,1.1,50,15
P113,R113,62,80,0.95,65,15
P114,R114,36,60,1.0,40,15
P115,R115,40,70,1.05,50,15
P116,R116,80,80,1.1,65,15
P117,R117,69,60,0.95,40,15
P118,R118,65,70,1.0,50,15
P119,R119,86,80,1.05,65,15
P120,R120,50,60,1.1,40,15
P121,R121,76,70,0.95,50,15
P122,R122,80,80,1.0,65,15
P123,R123,68,60,1.05,40,15
P124,R124,38,70,1.1,50,15
P125,R125,42,80,0.95,65,15
P126,R126,65,60,1.0,40,15
P127,R127,70,70,1.05,50,15
P128,R128,84,80,1.1,65,15
P129,R129,58,60,0.95,40,15
P130,R130,56,70,1.0,50,15
P131,R131,66,80,1.05,65,15
P132,R132,53,60,1.1,40,15
P133,R133,74,70,0.95,50,15
P134,R134,74,80,1.0,65,15
P135,R135,38,60,1.05,40,15
P136,R136,76,70,1.1,50,15
P137,R137,48,80,0.95,65,15
P138,R138,66,60,1.0,40,15
P139,R139,39,70,1.05,50,15
P140,R140,58,80,1.1,65,15
P141,R141,65,60,0.95,40,15
P142,R142,60,70,1.0,50,15
P143,R143,70,80,1.05,65,15
P144,R144,68,60,1.1,40,15
P145,R145,74,70,0.95,50,15
P146,R146,82,80,1.0,65,15
P147,R147,72,60,1.05,40,15
P148,R148,70,70,1.1,50,15
P149,R149,80,80,0.95,65,15
P150,R150,74,60,1.0,40,15
P151,R151,66,70,1.05,50,15
P152,R152,80,80,1.1,65,15
P153,R153,68,60,0.95,40,15
P154,R154,80,70,1.0,50,15
P155,R155,81,80,1.05,65,15
P156,R156,116,60,1.1,40,15
P157,R157,59,70,0.95,50,15
P158,R158,112,80,1.0,65,15
P159,R159,96,60,1.05,40,15
P160,R160,82,70,1.1,50,15
P161,R161,68,80,0.95,65,15
P162,R162,74,60,1.0,40,15
P163,R163,78,70,1.05,50,15
P164,R164,87,80,1.1,65,15
P165,R165,105,60,0.95,40,15
P166,R166,120,70,1.0,50,15
P167,R167,68,80,1.05,65,15
P168,R168,98,60,1.1,40,15
P169,R169,82,70,0.95,50,15
P170,R170,128,80,1.0,65,15
P171,R171,113,60,1.05,40,15
P172,R172,112,70,1.1,50,15
P173,R173,84,80,0.95,65,15
P174,R174,74,60,1.0,40,15
P175,R175,69,70,1.05,50,15
P176,R176,74,80,1.1,65,15
P177,R177,108,60,0.95,40,15
P178,R178,60,70,1.0,50,15
P179,R179,70,80,1.05,65,15
P180,R180,96,60,1.1,40,15
P181,R181,64,70,0.95,50,15
P182,R182,132,80,1.0,65,15
P183,R183,66,60,1.05,40,15
P184,R184,81,70,1.1,50,15
P185,R185,115,80,0.95,65,15
P186,R186,72,60,1.0,40,15
P187,R187,126,70,1.05,50,15
P188,R188,85,80,1.1,65,15
P189,R189,75,60,0.95,40,15
P190,R190,40,70,1.0,50,15
P191,R191,66,80,1.05,65,15
P192,R192,69,60,1.1,40,15
P193,R193,125,70,0.95,50,15
P194,R194,128,80,1.0,65,15
P195,R195,100,60,1.05,40,15
P196,R196,108,70,1.1,50,15
P197,R197,132,80,0.95,65,15
P198,R198,111,60,1.0,40,15
P199,R199,75,70,1.05,50,15
P200,R200,42,80,1.1,65,15
P201,R201,70,60,0.95,40,15
P202,R202,119,70,1.0,50,15
P203,R203,82,80,1.05,65,15
P204,R204,65,60,1.1,40,15
P205,R205,74,70,0.95,50,15
P206,R206,132,80,1.0,65,15
P207,R207,82,60,1.05,40,15
P208,R208,54,70,1.1,50,15
P209,R209,59,80,0.95,65,15
P210,R210,48,60,1.0,40,15
P211,R211,82,70,1.05,50,15
P212,R212,74,80,1.1,65,15
P213,R213,66,60,0.95,40,15
P214,R214,68,70,1.0,50,15
P215,R215,50,80,1.05,65,15
P216,R216,39,60,1.1,40,15
P217,R217,82,70,0.95,50,15
P218,R218,56,80,1.0,65,15
P219,R219,48,60,1.05,40,15
P220,R220,40,70,1.1,50,15
P221,R221,51,80,0.95,65,15
P222,R222,66,60,1.0,40,15
P223,R223,70,70,1.05,50,15
P224,R224,80,80,1.1,65,15
P225,R225,70,60,0.95,40,15
P226,R226,43,70,1.0,50,15
P227,R227,94,80,1.05,65,15
P228,R228,74,60,1.1,40,15
P229,R229,55,70,0.95,50,15
P230,R230,88,80,1.0,65,15
P231,R231,36,60,1.05,40,15
P232,R232,73,70,1.1,50,15
P233,R233,74,80,0.95,65,15
P234,R234,48,60,1.0,40,15
P235,R235,56,70,1.05,50,15
P236,R236,74,80,1.1,65,15
P237,R237,50,60,0.95,40,15
P238,R238,120,70,1.0,50,15
P239,R239,90,80,1.05,65,15
P240,R240,66,60,1.1,40,15
P241,R241,42,70,0.95,50,15
P242,R242,54,80,1.0,65,15
P243,R243,48,60,1.05,40,15
P244,R244,38,70,1.1,50,15
P245,R245,40,80,0.95,65,15
P246,R246,70,60,1.0,40,15
P247,R247,118,70,1.05,50,15
P248,R248,74,80,1.1,65,15
P249,R249,36,60,0.95,40,15
P250,R250,58,70,1.0,50,15
P251,R251,66,80,1.05,65,15
P252,R252,55,60,1.1,40,15
P253,R253,59,70,0.95,50,15
P254,R254,93,80,1.0,65,15
P255,R255,62,60,1.05,40,15
P256,R256,65,70,1.1,50,15
P257,R257,66,80,0.95,65,15
P258,R258,36,60,1.0,40,15
P259,R259,62,70,1.05,50,15
P260,R260,63,80,1.1,65,15
P261,R261,58,60,0.95,40,15
P262,R262,75,70,1.0,50,15
P263,R263,85,80,1.05,65,15
P264,R264,78,60,1.1,40,15
P265,R265,71,70,0.95,50,15
P266,R266,66,80,1.0,65,15
P267,R267,76,60,1.05,40,15
P268,R268,89,70,1.1,50,15
P269,R269,78,80,0.95,65,15
P270,R270,57,60,1.0,40,15
P271,R271,62,70,1.05,50,15
P272,R272,97,80,1.1,65,15
P273,R273,85,60,0.95,40,15
P274,R274,80,70,1.0,50,15
P275,R275,83,80,1.05,65,15
P276,R276,74,60,1.1,40,15
P277,R277,66,70,0.95,50,15
P278,R278,84,80,1.0,65,15
P279,R279,78,60,1.05,40,15
P280,R280,92,70,1.1,50,15
P281,R281,61,80,0.95,65,15
P282,R282,66,60,1.0,40,15
P283,R283,60,70,1.05,50,15
P284,R284,90,80,1.1,65,15
P285,R285,58,60,0.95,40,15
P286,R286,58,70,1.0,50,15
P287,R287,60,80,1.05,65,15
P288,R288,74,60,1.1,40,15
P289,R289,92,70,0.95,50,15
P290,R290,90,80,1.0,65,15
P291,R291,74,60,1.05,40,15
P292,R292,72,70,1.1,50,15
P293,R293,76,80,0.95,65,15
P294,R294,79,60,1.0,40,15
P295,R295,91,70,1.05,50,15
P296,R296,62,80,1.1,65,15
P297,R297,59,60,0.95,40,15
P298,R298,92,70,1.0,50,15
P299,R299,96,80,1.05,65,15
P300,R300,64,60,1.1,40,15
P301,R301,66,70,0.95,50,15
P302,R302,70,80,1.0,65,15
P303,R303,98,60,1.05,40,15
P304,R304,54,70,1.1,50,15
P305,R305,71,80,0.95,65,15
P306,R306,39,60,1.0,40,15
P307,R307,62,70,1.05,50,15
P308,R308,70,80,1.1,65,15
P309,R309,60,60,0.95,40,15
P310,R310,64,70,1.0,50,15
P311,R311,48,80,1.05,65,15
P312,R312,44,60,1.1,40,15
P313,R313,98,70,0.95,50,15
P314,R314,50,80,1.0,65,15
P315,R315,39,60,1.05,40,15
P316,R316,50,70,1.1,50,15
P317,R317,60,80,0.95,65,15
P318,R318,40,60,1.0,40,15
P319,R319,66,70,1.05,50,15
P320,R320,71,80,1.1,65,15
P321,R321,89,60,0.95,40,15
P322,R322,96,70,1.0,50,15
P323,R323,54,80,1.05,65,15
P324,R324,92,60,1.1,40,15
P325,R325,89,70,0.95,50,15
P326,R326,41,80,1.0,65,15
P327,R327,86,60,1.05,40,15
P328,R328,51,70,1.1,50,15
P329,R329,99,80,0.95,65,15
P330,R330,55,60,1.0,40,15
P331,R331,44,70,1.05,50,15
P332,R332,50,80,1.1,65,15
P333,R333,48,60,0.95,40,15
P334,R334,66,70,1.0,50,15
P335,R335,44,80,1.05,65,15
P336,R336,94,60,1.1,40,15
P337,R337,96,70,0.95,50,15
P338,R338,94,80,1.0,65,15
P339,R339,48,60,1.05,40,15
P340,R340,48,70,1.1,50,15
P341,R341,48,80,0.95,65,15
P342,R342,42,60,1.0,40,15
P343,R343,51,70,1.05,50,15
P344,R344,61,80,1.1,65,15
P345,R345,62,60,0.95,40,15
P346,R346,110,70,1.0,50,15
P347,R347,94,80,1.05,65,15
P348,R348,54,60,1.1,40,15
P349,R349,70,70,0.95,50,15
P350,R350,72,80,1.0,65,15
P351,R351,64,60,1.05,40,15
P352,R352,102,70,1.1,50,15
P353,R353,59,80,0.95,65,15
P354,R354,60,60,1.0,40,15
P355,R355,42,70,1.05,50,15
P356,R356,64,80,1.1,65,15
P357,R357,64,60,0.95,40,15
P358,R358,66,70,1.0,50,15
P359,R359,70,80,1.05,65,15
P360,R360,42,60,1.1,40,15
P361,R361,49,70,0.95,50,15
P362,R362,108,80,1.0,65,15
P363,R363,44,60,1.05,40,15
P364,R364,43,70,1.1,50,15
P365,R365,54,80,0.95,65,15
P366,R366,54,60,1.0,40,15
P367,R367,43,70,1.05,50,15
P368,R368,73,80,1.1,65,15
P369,R369,64,60,0.95,40,15
P370,R370,98,70,1.0,50,15
P371,R371,104,80,1.05,65,15
P372,R372,48,60,1.1,40,15
P373,R373,101,70,0.95,50,15
P374,R374,98,80,1.0,65,15
P375,R375,38,60,1.05,40,15
P376,R376,94,70,1.1,50,15
P377,R377,56,80,0.95,65,15
P378,R378,90,60,1.0,40,15
P379,R379,60,70,1.05,50,15
P380,R380,46,80,1.1,65,15
P381,R381,45,60,0.95,40,15
P382,R382,53,70,1.0,50,15
P383,R383,72,80,1.05,65,15
P384,R384,40,60,1.1,40,15
P385,R385,99,70,0.95,50,15
P386,R386,105,80,1.0,65,15
P387,R387,86,60,1.05,40,15
P388,R388,52,70,1.1,50,15
P389,R389,52,80,0.95,65,15
P390,R390,42,60,1.0,40,15
P391,R391,44,70,1.05,50,15
P392,R392,56,80,1.1,65,15
P393,R393,55,60,0.95,40,15
P394,R394,68,70,1.0,50,15
P395,R395,114,80,1.05,65,15
P396,R396,85,60,1.1,40,15
P397,R397,58,70,0.95,50,15
P398,R398,54,80,1.0,65,15
P399,R399,46,60,1.05,40,15
P400,R400,49,70,1.1,50,15
P401,R401,88,80,0.95,65,15
P402,R402,48,60,1.0,40,15
P403,R403,62,70,1.05,50,15
P404,R404,44,80,1.1,65,15
P405,R405,40,60,0.95,40,15
P406,R406,58,70,1.0,50,15
P407,R407,53,80,1.05,65,15
P408,R408,44,60,1.1,40,15
P409,R409,48,70,0.95,50,15
P410,R410,52,80,1.0,65,15
P411,R411,46,60,1.05,40,15
P412,R412,80,70,1.1,50,15
P413,R413,54,80,0.95,65,15
P414,R414,47,60,1.0,40,15
P415,R415,53,70,1.05,50,15
P416,R416,50,80,1.1,65,15
P417,R417,46,60,0.95,40,15
P418,R418,50,70,1.0,50,15
P419,R419,87,80,1.05,65,15
P420,R420,76,60,1.1,40,15
P421,R421,52,70,0.95,50,15
P422,R422,84,80,1.0,65,15
P423,R423,67,60,1.05,40,15
P424,R424,40,70,1.1,50,15
P425,R425,78,80,0.95,65,15
P426,R426,47,60,1.0,40,15
P427,R427,80,70,1.05,50,15
P428,R428,47,80,1.1,65,15
P429,R429,45,60,0.95,40,15
P430,R430,43,70,1.0,50,15
P431,R431,53,80,1.05,65,15
P432,R432,46,60,1.1,40,15
P433,R433,38,70,0.95,50,15
P434,R434,82,80,1.0,65,15
P435,R435,72,60,1.05,40,15
P436,R436,76,70,1.1,50,15
P437,R437,54,80,0.95,65,15
P438,R438,46,60,1.0,40,15
P439,R439,49,70,1.05,50,15
P440,R440,52,80,1.1,65,15
P441,R441,46,60,0.95,40,15
P442,R442,54,70,1.0,50,15
P443,R443,53,80,1.05,65,15
P444,R444,81,60,1.1,40,15
P445,R445,76,70,0.95,50,15
P446,R446,58,80,1.0,65,15
P447,R447,54,60,1.05,40,15
P448,R448,61,70,1.1,50,15
P449,R449,62,80,0.95,65,15
P450,R450,59,60,1.0,40,15
P451,R451,82,70,1.05,50,15
P452,R452,42,80,1.1,65,15
P453,R453,58,60,0.95,40,15
P454,R454,60,70,1.0,50,15
P455,R455,62,80,1.05,65,15
P456,R456,58,60,1.1,40,15
P457,R457,58,70,0.95,50,15
P458,R458,66,80,1.0,65,15
P459,R459,66,60,1.05,40,15
P460,R460,75,70,1.1,50,15
P461,R461,92,80,0.95,65,15
P462,R462,62,60,1.0,40,15
P463,R463,58,70,1.05,50,15
P464,R464,82,80,1.1,65,15
P465,R465,79,60,0.95,40,15
P466,R466,68,70,1.0,50,15
P467,R467,65,80,1.05,65,15
P468,R468,58,60,1.1,40,15
P469,R469,94,70,0.95,50,15
P470,R470,100,80,1.0,65,15
P471,R471,71,60,1.05,40,15
P472,R472,82,70,1.1,50,15
P473,R473,87,80,0.95,65,15
P474,R474,58,60,1.0,40,15
P475,R475,82,70,1.05,50,15
P476,R476,84,80,1.1,65,15
P477,R477,90,60,0.95,40,15
P478,R478,56,70,1.0,50,15
P479,R479,70,80,1.05,65,15
P480,R480,54,60,1.1,40,15
P481,R481,80,70,0.95,50,15
P482,R482,65,80,1.0,65,15
P483,R483,52,60,1.05,40,15
P484,R484,61,70,1.1,50,15
P485,R485,88,80,0.95,65,15
P486,R486,88,60,1.0,40,15
P487,R487,80,70,1.05,50,15
P488,R488,80,80,1.1,65,15
P489,R489,62,60,0.95,40,15
P490,R490,67,70,1.0,50,15
P491,R491,85,80,1.05,65,15
P492,R492,80,60,1.1,40,15
P493,R493,58,70,0.95,50,15
P494,R494,72,80,1.0,65,15
P495,R495,88,60,1.05,40,15
P496,R496,86,70,1.1,50,15
P497,R497,44,80,0.95,65,15
P498,R498,36,60,1.0,40,15
P499,R499,80,70,1.05,50,15
P500,R500,74,80,1.1,65,15
P501,R501,21,60,0.95,40,15
P502,R502,26,60,1.0,40,15
P503,R503,41,60,1.05,40,15
P504,R504,38,60,1.1,40,15
P505,R505,74,70,0.95,50,15
P506,R506,76,70,1.0,50,15
P507,R507,74,70,1.05,55,15
P508,R508,56,70,1.1,50,15
P509,R509,38,60,0.95,40,15
P510,R510,34,60,1.0,40,15
P511,R511,25,60,1.05,40,15
P512,R512,42,60,1.1,40,15
P513,R513,39,60,0.95,40,15
P514,R514,38,60,1.0,45,15
P515,R515,35,60,1.05,40,15
P516,R516,76,70,1.1,50,15
P517,R517,78,70,0.95,50,15
P518,R518,76,70,1.0,55,15
P519,R519,58,70,1.05,50,15
P520,R520,28,60,1.1,40,15
P521,R521,75,70,0.95,50,15
P522,R522,76,70,1.0,50,15
P523,R523,76,70,1.05,55,15
P524,R524,42,60,1.1,40,15
P525,R525,38,60,0.95,40,15
P526,R526,38,60,1.0,45,15
P527,R527,34,60,1.05,40,15
P528,R528,26,60,1.1,40,15
P529,R529,57,70,0.95,50,15
P530,R530,44,70,1.0,55,15
P531,R531,45,70,1.05,50,15
P532,R532,44,70,1.1,55,15
P533,R533,54,70,0.95,50,15
P534,R534,56,70,1.0,55,15
P535,R535,60,70,1.05,50,15
P536,R536,53,70,1.1,50,15
P537,R537,42,70,0.95,50,15
P538,R538,42,70,1.0,55,15
P539,R539,52,70,1.05,50,15
P540,R540,54,70,1.1,55,15
P541,R541,118,70,0.95,50,15
P542,R542,116,70,1.0,55,15
P543,R543,130,70,1.05,50,15
P544,R544,124,80,1.1,65,15
P545,R545,128,80,0.95,60,15
P546,R546,112,70,1.0,55,15
P547,R547,121,70,1.05,50,15
P548,R548,120,70,1.1,55,15
P549,R549,129,70,0.95,50,15
P550,R550,125,80,1.0,65,15
P551,R551,124,70,1.05,50,15
P552,R552,122,70,1.1,55,15
P553,R553,135,80,0.95,60,15
P554,R554,131,80,1.0,65,15
P555,R555,134,80,1.05,60,15
P556,R556,120,70,1.1,50,15
P557,R557,119,70,0.95,55,15
P558,R558,132,80,1.0,60,15
P559,R559,129,80,1.05,65,15
P560,R560,132,80,1.1,60,15
P561,R561,142,70,0.95,50,15
P562,R562,140,70,1.0,55,15
P563,R563,68,60,1.05,40,15
P564,R564,64,60,1.1,40,15
P565,R565,74,70,0.95,50,15
P566,R566,88,60,1.0,40,15
P567,R567,86,60,1.05,45,15
P568,R568,80,60,1.1,40,15
P569,R569,79,60,0.95,45,15
P570,R570,125,70,1.0,50,15
